codigo_material,descricao,categoria,preco,mediana_cat,ratio,valor_estoque,tipo
MAT-02578,Ácido Aço,Químico,1898.52,11.23,169.1,9204024.959999999,MUITO ALTO
MAT-00813,Alicate PVC,Ferramentas,1903.07,26.1,72.9,9170894.33,MUITO ALTO
MAT-02908,Abraçadeira PVC,Acessórios,1971.39,13.7,143.9,8981652.84,MUITO ALTO
MAT-06001,Abraçadeira Plástico,Acessórios,1918.3244682954248,13.7,140.0,8954738.618003042,MUITO ALTO
MAT-00824,"Tubo 1.1/4"" Inox",Hidráulico,1980.57,9.89,200.3,8898701.01,MUITO ALTO
MAT-00591,Ácido Cobre,Químico,1801.64,11.23,160.5,8759573.68,MUITO ALTO
MAT-02937,desinfetante Plástico,Limpeza,1727.43,9.43,183.2,8592236.82,MUITO ALTO
MAT-01189,Abraçadeira Plástico,Acessórios,1828.0,13.7,133.4,8533104.0,MUITO ALTO
MAT-02625,Rolamento Alumínio,Peças,1773.34,9.5,186.7,8513805.34,MUITO ALTO
MAT-01026,Mangueira Plástico,Pneumático,1875.64,16.77,111.8,8461012.040000001,MUITO ALTO
MAT-00211,Válvula PVC,Pneumático,1916.92,16.77,114.3,8447866.44,MUITO ALTO
MAT-02332,Eixo Inox,Mecânico,1884.76,20.94,90.0,8415453.4,MUITO ALTO
MAT-00604,rolamento Aço,Peças,1677.48,9.5,176.6,8311913.4,MUITO ALTO
MAT-00676,Rolamento Alumínio,Mecânico,1752.1,20.94,83.7,8283928.8,MUITO ALTO
MAT-00153,Válvula Aço,Pneumático,1910.73,16.77,113.9,8185567.32,MUITO ALTO
MAT-01128,Etiqueta Inox,Embalagem,1768.78,8.86,199.7,8108087.52,MUITO ALTO
MAT-01147,Vassoura Latão,Limpeza,1773.86,9.43,188.1,7991239.3,MUITO ALTO
MAT-00397,Óculos Alumínio,EPI,1791.61,9.99,179.3,7924291.029999999,MUITO ALTO
MAT-00739,Filtro Inox,Pneumático,1748.7,16.77,104.3,7914616.2,MUITO ALTO
MAT-00134,Papelão Plástico,Embalagem,1995.64,8.86,225.4,7890760.5600000005,MUITO ALTO
MAT-00032,Rolamento Alumínio,Mecânico,1567.71,20.94,74.9,7709997.78,MUITO ALTO
MAT-06001,Óleo Inox,Lubrificante,1571.639678203831,23.32,67.4,7642883.75510523,MUITO ALTO
MAT-02968,Óleo Cobre,Lubrificante,1666.06,23.32,71.5,7588903.3,MUITO ALTO
MAT-00091,Cabo 10mm² Plástico,Elétrico,1675.2,37.12,45.1,7565203.2,MUITO ALTO
MAT-00937,Parafuso M10 Inox,Fixação,1830.37,9.8,186.8,7546615.51,MUITO ALTO
MAT-02330,Vassoura Plástico,Limpeza,1749.54,9.43,185.5,7489780.74,MUITO ALTO
MAT-01668,Óleo Inox,Lubrificante,1538.32,23.32,66.0,7480850.16,MUITO ALTO
MAT-02391,Fluido Aço,Lubrificante,1964.99,23.32,84.3,7474821.96,MUITO ALTO
MAT-00994,Cilindro Latão,Pneumático,1685.46,16.77,100.5,7303098.18,MUITO ALTO
MAT-02851,Bucha Latão,Mecânico,1962.94,20.94,93.8,7286433.28,MUITO ALTO
MAT-01004,Pano Cobre,Limpeza,1469.61,9.43,155.8,7233420.42,MUITO ALTO
MAT-02287,Pano PVC,Limpeza,1876.68,9.43,199.0,7232724.720000001,MUITO ALTO
MAT-02133,Retentor Inox,Peças,1761.56,9.5,185.4,7211826.64,MUITO ALTO
MAT-01585,Plástico Latão,Embalagem,1929.72,8.86,217.9,7141893.72,MUITO ALTO
MAT-00293,Pano PVC,Limpeza,1853.29,9.43,196.5,7068448.06,MUITO ALTO
MAT-01501,Luva Cobre M,EPI,1786.66,9.99,178.8,7032293.760000001,MUITO ALTO
MAT-01645,Fluido PVC,Lubrificante,1799.3,23.32,77.2,6997477.7,MUITO ALTO
MAT-02718,retentor Latão,Peças,1739.07,9.5,183.1,6971931.63,MUITO ALTO
MAT-02877,Arruela Plástico,Fixação,1500.34,9.8,153.1,6834048.699999999,MUITO ALTO
MAT-00617,Vassoura Alumínio,Limpeza,1524.88,9.43,161.7,6814688.720000001,MUITO ALTO
MAT-00806,Graxa Aço,Lubrificante,1555.4,23.32,66.7,6811096.600000001,MUITO ALTO
MAT-02948,Óculos Inox,EPI,1567.79,9.99,156.9,6797937.4399999995,MUITO ALTO
MAT-02849,Parafuso M10 Cobre,Fixação,1553.09,9.8,158.5,6788556.39,MUITO ALTO
MAT-00346,Furadeira Latão,Ferramentas,1606.8,26.1,61.6,6758200.8,MUITO ALTO
MAT-00562,Cabo 4mm² Inox,Elétrico,1509.16,37.12,40.7,6758018.48,MUITO ALTO
MAT-01475,Retentor Inox,Peças,1984.16,9.5,208.9,6746144.0,MUITO ALTO
MAT-02961,Plástico Cobre,Embalagem,1364.89,8.86,154.1,6682501.44,MUITO ALTO
MAT-06001,Papel Latão,Escritório,1434.3150522752674,8.55,167.7,6678170.883393645,MUITO ALTO
MAT-02050,Papel Latão,Escritório,1433.15,8.55,167.5,6672746.4,MUITO ALTO
MAT-00615,plástico Cobre,Embalagem,1745.66,8.86,197.1,6664929.88,MUITO ALTO
MAT-06001,SUPORTE PVC,Acessórios,1440.4658904879384,13.7,105.1,6598774.244325246,MUITO ALTO
MAT-00900,Correia Cobre,Mecânico,1746.79,20.94,83.4,6587145.09,MUITO ALTO
MAT-01923,Abraçadeira PVC,Acessórios,1815.26,13.7,132.5,6569425.94,MUITO ALTO
MAT-01276,LED PVC,Eletrônico,1967.9,9.91,198.6,6476358.9,MUITO ALTO
MAT-02110,Válvula Alumínio,Pneumático,1432.8,16.77,85.4,6456196.8,MUITO ALTO
MAT-06001,plástico Cobre,Embalagem,1686.3948248929123,8.86,190.4,6438655.441441139,MUITO ALTO
MAT-02371,Óleo Plástico,Lubrificante,1541.36,23.32,66.1,6398185.359999999,MUITO ALTO
MAT-00414,Caixa PVC,Embalagem,1970.1,8.86,222.5,6391004.399999999,MUITO ALTO
MAT-00419,Suporte PVC,Acessórios,1387.37,13.7,101.3,6355541.97,MUITO ALTO
MAT-00071,Disjuntor Inox,Elétrico,1568.41,37.12,42.3,6347355.2700000005,MUITO ALTO
MAT-00685,Mangueira Inox,Hidráulico,1583.75,9.89,160.1,6328665.0,MUITO ALTO
MAT-00514,Rolamento Alumínio,Mecânico,1612.53,20.94,77.0,6300154.71,MUITO ALTO
MAT-00259,"Tubo 3/4"" Aço",Hidráulico,1348.07,9.89,136.3,6294138.83,MUITO ALTO
MAT-06001,Abraçadeira PVC,Acessórios,1736.8103357657858,13.7,126.8,6285516.605136379,MUITO ALTO
MAT-00611,Porca M6 Inox,Fixação,1287.45,9.8,131.4,6268594.05,MUITO ALTO
MAT-02456,Eixo Plástico,Mecânico,1329.99,20.94,63.5,6205733.34,MUITO ALTO
MAT-02592,Óleo PVC,Lubrificante,1506.82,23.32,64.6,6159880.16,MUITO ALTO
MAT-02690,Junta Cobre,Peças,1788.42,9.5,188.3,6153953.220000001,MUITO ALTO
MAT-02268,Papelão Alumínio,Embalagem,1380.42,8.86,155.9,6124923.54,MUITO ALTO
MAT-01149,Módulo Plástico,Eletrônico,1473.29,9.91,148.7,6102367.18,MUITO ALTO
MAT-06001,Prego Cobre,Fixação,1717.5157039103617,9.8,175.3,6057677.887691846,MUITO ALTO
MAT-06001,Caixa Plástico,Embalagem,1219.594237648129,8.86,137.7,6046748.230259423,MUITO ALTO
MAT-01945,Caixa Plástico,Embalagem,1214.6,8.86,137.2,6021986.8,MUITO ALTO
MAT-01367,Etiqueta em Plástico,Embalagem,1779.26,8.86,200.9,5953403.96,MUITO ALTO
MAT-00138,Pasta Aço,Escritório,1417.53,8.55,165.7,5930945.52,MUITO ALTO
MAT-01034,Interruptor Cobre,Elétrico,1237.71,37.12,33.3,5929868.61,MUITO ALTO
MAT-00794,Fita Aço,Embalagem,1969.03,8.86,222.4,5914966.12,MUITO ALTO
MAT-01562,Pasta Inox,Escritório,1785.06,8.55,208.7,5881772.7,MUITO ALTO
MAT-00122,Prego Cobre,Fixação,1645.0,9.8,167.9,5801915.0,MUITO ALTO
MAT-01146,Válvula Inox,Pneumático,1841.96,16.77,109.8,5684288.5600000005,MUITO ALTO
MAT-06001,Pasta Aço,Escritório,1357.0059014331737,8.55,158.6,5677712.691596399,MUITO ALTO
MAT-01495,Conexão Plástico,Hidráulico,1558.31,9.89,157.6,5651990.37,MUITO ALTO
MAT-01215,Retentor Cobre,Peças,1284.23,9.5,135.2,5610800.87,MUITO ALTO
MAT-01640,Disjuntor Inox,Elétrico,1152.01,37.12,31.0,5607984.68,MUITO ALTO
MAT-01193,Eixo Aço,Mecânico,1795.83,20.94,85.8,5545523.04,MUITO ALTO
MAT-02778,LED Aço,Eletrônico,1262.72,9.91,127.4,5524400.0,MUITO ALTO
MAT-02420,Pano Latão,Limpeza,1948.88,9.43,206.7,5505586.0,MUITO ALTO
MAT-00931,Óleo Aço,Lubrificante,1406.16,23.32,60.3,5502304.08,MUITO ALTO
MAT-02015,Capacitor Aço,Eletrônico,1705.01,9.91,172.0,5481607.15,MUITO ALTO
MAT-02847,Fluido Inox,Lubrificante,1991.92,23.32,85.4,5461844.640000001,MUITO ALTO
MAT-00351,Bucha Aço,Mecânico,1952.89,20.94,93.3,5417316.86,MUITO ALTO
MAT-06001,Eixo Aço,Mecânico,1751.1045710043377,20.94,83.6,5407410.915261394,MUITO ALTO
MAT-01801,Caixa Latão,Embalagem,1275.91,8.86,144.1,5388167.930000001,MUITO ALTO
MAT-01860,Sensor Inox,Eletrônico,1164.6,9.91,117.5,5336197.199999999,MUITO ALTO
MAT-01236,Junta Inox,Peças,1131.71,9.5,119.1,5320168.71,MUITO ALTO
MAT-02989,Solvente Plástico,Químico,1127.83,11.23,100.5,5306440.149999999,MUITO ALTO
MAT-01504,Disjuntor Cobre,Elétrico,1786.15,37.12,48.1,5279859.4,MUITO ALTO
MAT-01751,Suporte em Aço,Acessórios,1955.15,13.7,142.7,5226115.95,MUITO ALTO
MAT-02066,Solvente Cobre,Químico,1910.42,11.23,170.2,5198252.82,MUITO ALTO
MAT-01706,Desinfetante Latão,Limpeza,1632.61,9.43,173.1,5190067.1899999995,MUITO ALTO
MAT-02912,Serra Latão,Ferramentas,1084.19,26.1,41.5,5190017.53,MUITO ALTO
MAT-01636,Máscara PVC,EPI,1721.16,9.99,172.3,5173806.96,MUITO ALTO
MAT-01265,Martelo Plástico,Ferramentas,1517.88,26.1,58.1,5165345.640000001,MUITO ALTO
MAT-02679,Registro PVC,Hidráulico,1065.77,9.89,107.8,5145537.56,MUITO ALTO
MAT-02309,Martelo Cobre,Ferramentas,1455.4,26.1,55.8,5131740.4,MUITO ALTO
MAT-06001,Martelo Cobre,Ferramentas,1442.272528585184,26.1,55.2,5085452.935791359,MUITO ALTO
MAT-02616,Clips Cobre,Escritório,1709.1,8.55,199.8,5069190.6,MUITO ALTO
MAT-00853,Correia Inox,Mecânico,1367.35,20.94,65.3,5056460.3,MUITO ALTO
MAT-00294,Registro PVC,Hidráulico,1842.8,9.89,186.3,4986616.8,MUITO ALTO
MAT-02187,Rebite Plástico,Fixação,1308.82,9.8,133.6,4981368.92,MUITO ALTO
MAT-02068,Bota Alumínio,EPI,1028.04,9.99,102.9,4935620.04,MUITO ALTO
MAT-01892,Arruela PVC,Fixação,1277.5,9.8,130.4,4897935.0,MUITO ALTO
MAT-06001,ARRUELA PVC,Fixação,1265.859532382532,9.8,129.2,4853305.447154628,MUITO ALTO
MAT-02674,Sensor Cobre,Eletrônico,1573.99,9.91,158.8,4852611.17,MUITO ALTO
MAT-02472,Grampeador Cobre,Escritório,1395.76,8.55,163.2,4784665.28,MUITO ALTO
MAT-01730,Spray Alumínio,Lubrificante,1479.63,23.32,63.5,4771806.75,MUITO ALTO
MAT-01150,Clips Latão,Escritório,1566.13,8.55,183.1,4764167.46,MUITO ALTO
MAT-02030,Máscara Inox,EPI,1032.03,9.99,103.3,4752498.149999999,MUITO ALTO
MAT-02334,Plástico Alumínio,Embalagem,1411.83,8.86,159.4,4708453.05,MUITO ALTO
MAT-02530,Base Aço,Químico,1318.05,11.23,117.4,4706756.55,MUITO ALTO
MAT-02505,Interruptor Alumínio,Elétrico,1038.67,37.12,28.0,4696865.74,MUITO ALTO
MAT-01743,Catalisador Alumínio,Químico,1636.27,11.23,145.8,4609372.59,MUITO ALTO
MAT-00868,Martelo PVC,Ferramentas,1137.64,26.1,43.6,4577863.36,MUITO ALTO
MAT-01613,Válvula PVC,Hidráulico,938.61,9.89,94.9,4544749.62,MUITO ALTO
MAT-00009,Chave Latão,Ferramentas,1003.04,26.1,38.4,4516689.12,MUITO ALTO
MAT-00563,Reagente Plástico,Químico,968.46,11.23,86.3,4476222.12,MUITO ALTO
MAT-00557,Conexão Alumínio,Pneumático,1176.66,16.77,70.2,4444244.82,MUITO ALTO
MAT-02925,Engrenagem Alumínio,Mecânico,1076.3,20.94,51.4,4417135.2,MUITO ALTO
MAT-00982,Base Alumínio,Químico,1412.39,11.23,125.8,4416543.53,MUITO ALTO
MAT-06001,ÓCULOS COBRE,EPI,1795.5164499611983,9.99,179.7,4409788.401104703,MUITO ALTO
MAT-02153,Conexão em Cobre,Pneumático,1411.0,16.77,84.1,4406553.0,MUITO ALTO
MAT-00546,resistor Alumínio,Eletrônico,1054.16,9.91,106.4,4385305.600000001,MUITO ALTO
MAT-01162,Óculos Cobre,EPI,1777.55,9.99,177.9,4365662.8,MUITO ALTO
MAT-01333,Fluido Inox,Lubrificante,1807.95,23.32,77.5,4321000.5,MUITO ALTO
MAT-01778,Mangueira Aço,Hidráulico,1144.54,9.89,115.7,4272567.82,MUITO ALTO
MAT-02037,Furadeira Inox,Ferramentas,1759.36,26.1,67.4,4259410.56,MUITO ALTO
MAT-01999,Martelo PVC,Ferramentas,1021.25,26.1,39.1,4258612.5,MUITO ALTO
MAT-00057,Arruela Plástico,Fixação,961.92,9.8,98.2,4256496.0,MUITO ALTO
MAT-01032,Cabo 6mm² Inox,Elétrico,1126.35,37.12,30.3,4229444.25,MUITO ALTO
MAT-01350,Graxa Aço,Lubrificante,1366.43,23.32,58.6,4219535.84,MUITO ALTO
MAT-01388,Fluido Latão,Lubrificante,971.68,23.32,41.7,4211261.12,MUITO ALTO
MAT-01217,Correia Latão,Mecânico,1037.31,20.94,49.5,4206292.05,MUITO ALTO
MAT-01703,Filtro PVC,Pneumático,867.49,16.77,51.7,4196916.62,MUITO ALTO
MAT-02706,Eixo PVC,Mecânico,1897.74,20.94,90.6,4146561.9,MUITO ALTO
MAT-00570,Arruela Latão,Fixação,1755.8,9.8,179.2,4141932.1999999997,MUITO ALTO
MAT-00178,Vassoura Aço,Limpeza,1256.45,9.43,133.2,4133720.5,MUITO ALTO
MAT-02705,Solvente Inox,Químico,1497.9,11.23,133.4,4114731.3000000003,MUITO ALTO
MAT-00751,Alicate Plástico,Ferramentas,1351.34,26.1,51.8,4109424.94,MUITO ALTO
MAT-06001,ALICATE PLÁSTICO,Ferramentas,1349.991911614191,26.1,51.7,4105325.4032187546,MUITO ALTO
MAT-01596,Caixa Plástico,Embalagem,1470.47,8.86,166.1,4104081.77,MUITO ALTO
MAT-00381,Alicate Alumínio,Ferramentas,1075.35,26.1,41.2,4083103.9499999997,MUITO ALTO
MAT-01035,Desinfetante Aço,Limpeza,969.99,9.43,102.9,4079777.94,MUITO ALTO
MAT-01479,Rolamento PVC,Peças,1897.63,9.5,199.8,4057132.9400000004,MUITO ALTO
MAT-00117,Rolamento Alumínio,Peças,816.62,9.5,86.0,4046352.1,MUITO ALTO
MAT-02326,Suporte Cobre,Acessórios,951.83,13.7,69.5,4041470.18,MUITO ALTO
MAT-00199,furadeira PVC,Ferramentas,883.44,26.1,33.8,4032020.16,MUITO ALTO
MAT-00558,Sensor Plástico,Eletrônico,1161.93,9.91,117.2,4006334.64,MUITO ALTO
MAT-01836,Graxa Plástico,Lubrificante,1404.89,23.32,60.3,3985672.93,MUITO ALTO
MAT-02124,Furadeira PVC,Ferramentas,904.41,26.1,34.6,3983926.05,MUITO ALTO
MAT-00764,Mangueira Inox,Pneumático,1002.04,16.77,59.8,3928998.84,MUITO ALTO
MAT-02553,Válvula PVC,Pneumático,1670.94,16.77,99.6,3925038.06,MUITO ALTO
MAT-02058,Bucha PVC,Mecânico,834.49,20.94,39.9,3905413.2,MUITO ALTO
MAT-02242,Papel PVC,Escritório,1081.85,8.55,126.5,3883841.4999999995,MUITO ALTO
MAT-00785,Papelão PVC,Embalagem,1923.27,8.86,217.2,3865772.7,MUITO ALTO
MAT-06001,Cabo 4mm² PVC,Elétrico,883.0470738616498,37.12,23.8,3847436.100815208,MUITO ALTO
MAT-02038,Fita Latão,Embalagem,1502.66,8.86,169.7,3839296.3000000003,MUITO ALTO
MAT-02119,gancho Latão,Acessórios,863.73,13.7,63.0,3828915.09,MUITO ALTO
MAT-01697,Spray Alumínio,Lubrificante,1755.91,23.32,75.3,3813836.52,MUITO ALTO
MAT-01042,Rolamento PVC,Mecânico,1370.76,20.94,65.5,3813454.32,MUITO ALTO
MAT-01838,Óleo Latão,Lubrificante,942.83,23.32,40.4,3797719.24,MUITO ALTO
MAT-06001,FURADEIRA PVC,Ferramentas,860.547553844514,26.1,33.0,3790711.974685084,MUITO ALTO
MAT-00371,Pasta Aço,Lubrificante,1737.68,23.32,74.5,3788142.4,MUITO ALTO
MAT-01647,Rolamento Plástico,Peças,756.2,9.5,79.6,3762851.2,MUITO ALTO
MAT-02177,Caneta Latão,Escritório,971.28,8.55,113.5,3753997.1999999997,MUITO ALTO
MAT-01392,Cabo 4mm² PVC,Elétrico,853.89,37.12,23.0,3720398.73,MUITO ALTO
MAT-06001,VÁLVULA EM PVC,Hidráulico,1372.4247838749409,9.89,138.8,3697312.367759091,MUITO ALTO
MAT-01199,Bucha Plástico,Mecânico,1552.51,20.94,74.2,3691868.78,MUITO ALTO
MAT-00388,Óculos Cobre,EPI,1283.12,9.99,128.4,3644060.8,MUITO ALTO
MAT-00630,Conexão Aço,Pneumático,856.61,16.77,51.1,3630313.18,MUITO ALTO
MAT-00632,Furadeira Alumínio,Ferramentas,740.52,26.1,28.4,3579673.6799999997,MUITO ALTO
MAT-02684,Filtro Plástico,Pneumático,1870.44,16.77,111.5,3538872.48,MUITO ALTO
MAT-01807,Correia Alumínio,Mecânico,1198.37,20.94,57.2,3508827.36,MUITO ALTO
MAT-00607,Lâmpada Latão,Elétrico,1037.49,37.12,27.9,3499453.77,MUITO ALTO
MAT-00428,Mangueira Latão,Hidráulico,837.42,9.89,84.7,3492878.82,MUITO ALTO
MAT-02719,Lâmpada Latão,Elétrico,1941.77,37.12,52.3,3489360.69,MUITO ALTO
MAT-00756,Cilindro Plástico,Pneumático,1235.37,16.77,73.7,3472625.07,MUITO ALTO
MAT-02438,Óleo Aço,Lubrificante,794.58,23.32,34.1,3454833.8400000003,MUITO ALTO
MAT-00347,Desinfetante Cobre,Limpeza,1517.78,9.43,161.0,3448396.16,MUITO ALTO
MAT-00962,Rolamento Latão,Peças,978.51,9.5,103.0,3448269.2399999998,MUITO ALTO
MAT-02076,Filtro Latão,Pneumático,1249.8,16.77,74.5,3448198.1999999997,MUITO ALTO
MAT-00988,Retentor Cobre,Peças,1591.8,9.5,167.6,3436696.1999999997,MUITO ALTO
MAT-02356,Sensor Alumínio,Eletrônico,1249.1,9.91,126.0,3422533.9999999995,MUITO ALTO
MAT-02426,Rebite Inox,Fixação,1246.38,9.8,127.2,3418820.3400000003,MUITO ALTO
MAT-01373,Óleo Alumínio,Lubrificante,1364.57,23.32,58.5,3401873.01,MUITO ALTO
MAT-00603,Conexão Aço,Hidráulico,856.08,9.89,86.6,3400349.7600000002,MUITO ALTO
MAT-00094,Pasta PVC,Lubrificante,889.68,23.32,38.2,3384342.7199999997,MUITO ALTO
MAT-02890,Rolamento Cobre,Peças,1948.8,9.5,205.1,3353884.8,MUITO ALTO
MAT-01283,abraçadeira PVC,Acessórios,969.57,13.7,70.8,3322716.39,MUITO ALTO
MAT-02430,Filtro em Cobre,Pneumático,1274.79,16.77,76.0,3320827.9499999997,MUITO ALTO
MAT-06001,ÓCULOS PVC,EPI,892.5551464389747,9.99,89.3,3306024.2624099622,MUITO ALTO
MAT-00681,registro Aço,Hidráulico,1662.64,9.89,168.1,3302003.04,MUITO ALTO
MAT-02876,Lâmpada Inox,Elétrico,837.33,37.12,22.6,3295730.8800000004,MUITO ALTO
MAT-00901,Cabo 16mm² Aço,Elétrico,751.58,37.12,20.2,3257347.72,MUITO ALTO
MAT-02743,Conexão Latão,Pneumático,1790.17,16.77,106.7,3241997.87,MUITO ALTO
MAT-01674,Mangueira Plástico,Hidráulico,1112.3,9.89,112.5,3233456.1,MUITO ALTO
MAT-00176,Graxa Inox,Lubrificante,904.41,23.32,38.8,3225126.06,MUITO ALTO
MAT-00161,Óculos PVC,EPI,868.35,9.99,86.9,3216368.4,MUITO ALTO
MAT-06001,MANGUEIRA PLÁSTICO,Hidráulico,1096.264545332427,9.89,110.8,3186841.033281365,MUITO ALTO
MAT-02503,Resistor Latão,Eletrônico,1028.7,9.91,103.8,3185883.9000000004,MUITO ALTO
MAT-01289,Rebite Aço,Fixação,1574.53,9.8,160.7,3183699.66,MUITO ALTO
MAT-01979,Disjuntor Inox,Elétrico,1178.24,37.12,31.7,3163574.4,MUITO ALTO
MAT-06001,Fita Aço,Embalagem,1120.5473863163422,8.86,126.5,3159943.6294120853,MUITO ALTO
MAT-02792,Balde Latão,Limpeza,883.28,9.43,93.7,3127694.48,MUITO ALTO
MAT-00060,Óleo Cobre,Lubrificante,1600.97,23.32,68.7,3120290.5300000003,MUITO ALTO
MAT-00282,Resistor Aço,Eletrônico,640.32,9.91,64.6,3120279.3600000003,MUITO ALTO
MAT-00812,Disjuntor Alumínio,Elétrico,691.83,37.12,18.6,3118077.81,MUITO ALTO
MAT-01083,Base Alumínio,Químico,1302.45,11.23,116.0,3114157.95,MUITO ALTO
MAT-00815,Fita Aço,Embalagem,1102.78,8.86,124.5,3109839.6,MUITO ALTO
MAT-02419,LED Latão,Eletrônico,1406.39,9.91,141.9,3092651.6100000003,MUITO ALTO
MAT-02977,Correia Latão,Mecânico,1589.03,20.94,75.9,3065238.87,MUITO ALTO
MAT-01363,Retentor Aço,Peças,1909.23,9.5,201.0,3058586.46,MUITO ALTO
MAT-01727,Graxa Cobre,Lubrificante,859.52,23.32,36.9,3010898.56,MUITO ALTO
MAT-00510,Chave Cobre,Ferramentas,853.14,26.1,32.7,2960395.8,MUITO ALTO
MAT-06001,Alicate PVC,Ferramentas,1329.701284336246,26.1,50.9,2904067.6049903613,MUITO ALTO
MAT-01917,Rolamento Aço,Peças,1752.18,9.5,184.4,2899857.9,MUITO ALTO
MAT-02775,Alicate PVC,Ferramentas,1327.4,26.1,50.8,2899041.6,MUITO ALTO
MAT-00922,Resistor Plástico,Eletrônico,639.82,9.91,64.6,2899024.4200000004,MUITO ALTO
MAT-00336,Resistor Cobre,Eletrônico,1146.82,9.91,115.7,2893426.86,MUITO ALTO
MAT-01087,Cabo 6mm² PVC,Elétrico,1534.46,37.12,41.3,2889388.18,MUITO ALTO
MAT-02340,Suporte Alumínio,Acessórios,1142.15,13.7,83.4,2877075.85,MUITO ALTO
MAT-01725,Alicate Latão,Ferramentas,1937.06,26.1,74.2,2876534.1,MUITO ALTO
MAT-02247,Papel Plástico,Escritório,882.17,8.55,103.1,2867052.5,MUITO ALTO
MAT-00874,Papelão Inox,Embalagem,1269.61,8.86,143.4,2857892.11,MUITO ALTO
MAT-01656,Parafuso M12 Alumínio,Fixação,1573.33,9.8,160.5,2841433.98,MUITO ALTO
MAT-00855,Tomada Alumínio,Elétrico,1174.15,37.12,31.6,2830875.6500000004,MUITO ALTO
MAT-00189,Solvente PVC,Químico,1385.82,11.23,123.5,2824301.1599999997,MUITO ALTO
MAT-01293,Caixa Inox,Embalagem,715.46,8.86,80.8,2816050.56,MUITO ALTO
MAT-02454,Pasta Plástico,Escritório,1277.57,8.55,149.3,2813209.1399999997,MUITO ALTO
MAT-02159,Parafuso M10 Plástico,Fixação,594.25,9.8,60.6,2807237.0,MUITO ALTO
MAT-06001,CABO 6MM² PVC,Elétrico,1490.7965855908965,37.12,40.2,2807169.970667658,MUITO ALTO
MAT-01184,Clipe Alumínio,Acessórios,1335.93,13.7,97.5,2764039.17,MUITO ALTO
MAT-02605,Cabo 4mm² Aço,Elétrico,748.98,37.12,20.2,2748756.6,MUITO ALTO
MAT-01698,tomada Alumínio,Elétrico,1844.46,37.12,49.7,2739023.1,MUITO ALTO
MAT-00115,Clipe Inox,Acessórios,1902.19,13.7,138.8,2727740.46,MUITO ALTO
MAT-01899,Papel Aço,Escritório,1526.16,8.55,178.4,2725721.7600000002,MUITO ALTO
MAT-06001,CLIPE INOX,Acessórios,1884.757069903712,13.7,137.6,2702741.638241923,MUITO ALTO
MAT-01190,Válvula Inox,Hidráulico,774.23,9.89,78.3,2694320.4,MUITO ALTO
MAT-00059,Graxa Inox,Lubrificante,1553.8,23.32,66.6,2636798.6,MUITO ALTO
MAT-02405,Correia PVC,Mecânico,905.44,20.94,43.3,2616721.6,MUITO ALTO
MAT-06001,DISJUNTOR ALUMÍNIO,Elétrico,1816.541028401488,37.12,48.9,2614002.539869741,MUITO ALTO
MAT-01779,Martelo Plástico,Ferramentas,907.47,26.1,34.8,2611698.66,MUITO ALTO
MAT-02801,Óleo Alumínio,Lubrificante,1877.7,23.32,80.5,2610003.0,MUITO ALTO
MAT-02675,Prego Alumínio,Fixação,1198.67,9.8,122.3,2599915.23,MUITO ALTO
MAT-00348,Base Inox,Químico,1478.16,11.23,131.7,2591214.48,MUITO ALTO
MAT-00480,Filtro Cobre,Pneumático,1178.37,16.77,70.3,2580630.3,MUITO ALTO
MAT-00045,Vassoura em Latão,Limpeza,647.26,9.43,68.6,2569622.2,MUITO ALTO
MAT-06001,VASSOURA EM LATÃO,Limpeza,644.670016935207,9.43,68.4,2559339.9672327717,MUITO ALTO
MAT-01114,Disjuntor Alumínio,Elétrico,1770.06,37.12,47.7,2547116.34,MUITO ALTO
MAT-01866,Engrenagem Cobre,Mecânico,915.57,20.94,43.7,2543453.46,MUITO ALTO
MAT-06001,Prego Alumínio,Fixação,1167.5450459466335,9.8,119.1,2532405.204658248,MUITO ALTO
MAT-02947,Serra em Latão,Ferramentas,1659.36,26.1,63.6,2527205.28,MUITO ALTO
MAT-01914,fita Inox,Embalagem,1684.11,8.86,190.2,2522796.78,MUITO ALTO
MAT-06001,Desinfetante Latão,Limpeza,1234.2284797760256,9.43,130.9,2515357.64178354,MUITO ALTO
MAT-01059,Cabo 10mm² Plástico,Elétrico,1134.29,37.12,30.6,2513586.64,MUITO ALTO
MAT-02131,Desinfetante Latão,Limpeza,1226.05,9.43,130.0,2498689.9,MUITO ALTO
MAT-00938,Vassoura Plástico,Limpeza,1761.78,9.43,186.8,2494680.48,MUITO ALTO
MAT-00788,Tomada Cobre,Elétrico,1548.01,37.12,41.7,2489200.08,MUITO ALTO
MAT-00670,Grampeador em Plástico,Escritório,1710.09,8.55,199.9,2483050.6799999997,MUITO ALTO
MAT-01416,Fluido PVC,Lubrificante,845.16,23.32,36.2,2481389.76,MUITO ALTO
MAT-00254,Capacitor Cobre,Eletrônico,542.08,9.91,54.7,2479473.9200000004,MUITO ALTO
MAT-01559,clips Alumínio,Escritório,1380.32,8.55,161.3,2465251.52,MUITO ALTO
MAT-02820,Plástico Plástico,Embalagem,522.63,8.86,59.0,2443295.25,MUITO ALTO
MAT-00487,Abraçadeira Aço,Acessórios,900.01,13.7,65.7,2441727.13,MUITO ALTO
MAT-02649,Mangueira PVC,Pneumático,616.45,16.77,36.8,2434977.5,MUITO ALTO
MAT-01811,Pano Latão,Limpeza,1820.95,9.43,193.1,2420042.5500000003,MUITO ALTO
MAT-00959,Interruptor Latão,Elétrico,858.67,37.12,23.1,2406852.01,MUITO ALTO
MAT-00236,Plástico Inox,Embalagem,1517.7,8.86,171.4,2363058.9,MUITO ALTO
MAT-00943,Vedação PVC,Peças,1256.87,9.5,132.3,2362915.5999999996,MUITO ALTO
MAT-00333,Etiqueta Inox,Embalagem,594.01,8.86,67.1,2355843.66,MUITO ALTO
MAT-02585,Caneta Alumínio,Escritório,1535.9,8.55,179.5,2340711.6,MUITO ALTO
MAT-00277,Catalisador Plástico,Químico,935.15,11.23,83.3,2332264.1,MUITO ALTO
MAT-00925,Máscara Inox,EPI,591.21,9.99,59.2,2322272.8800000004,MUITO ALTO
MAT-02555,Chave Latão,Ferramentas,1875.08,26.1,71.8,2310098.56,MUITO ALTO
MAT-01285,Módulo Aço,Eletrônico,565.2,9.91,57.0,2301494.4000000004,MUITO ALTO
MAT-01383,Luva G Inox,EPI,700.8,9.99,70.2,2294419.1999999997,MUITO ALTO
MAT-00996,Pasta Inox,Lubrificante,752.19,23.32,32.3,2279135.7,MUITO ALTO
MAT-06001,CHAVE LATÃO,Ferramentas,1849.193315920004,26.1,70.8,2278206.1652134447,MUITO ALTO
MAT-00533,Alicate Plástico,Ferramentas,1091.32,26.1,41.8,2274310.88,MUITO ALTO
MAT-02294,Spray Latão,Lubrificante,722.61,23.32,31.0,2269718.0100000002,MUITO ALTO
MAT-02955,Máscara Latão,EPI,548.84,9.99,54.9,2249146.3200000003,MUITO ALTO
MAT-01846,Capacete PVC,EPI,877.78,9.99,87.9,2247994.58,MUITO ALTO
MAT-02769,Sensor PVC,Eletrônico,614.49,9.91,62.0,2241045.0300000003,MUITO ALTO
MAT-00317,Fita Latão,Embalagem,1230.46,8.86,139.0,2222210.7600000002,MUITO ALTO
MAT-00820,Conexão Inox,Pneumático,545.4,16.77,32.5,2170692.0,MUITO ALTO
MAT-02404,Capacete Aço,EPI,1117.97,9.99,111.9,2150974.2800000003,MUITO ALTO
MAT-01099,válvula PVC,Pneumático,444.06,16.77,26.5,2137704.84,MUITO ALTO
MAT-00797,Conexão Cobre,Hidráulico,1762.77,9.89,178.2,2131188.93,MUITO ALTO
MAT-01155,resistor Alumínio,Eletrônico,535.25,9.91,54.0,2111561.25,MUITO ALTO
MAT-00584,Válvula Alumínio,Hidráulico,910.3,9.89,92.0,2110985.6999999997,MUITO ALTO
MAT-02361,Caixa Cobre,Embalagem,1193.87,8.86,134.8,2107180.55,MUITO ALTO
MAT-02220,Rebite Cobre,Fixação,965.35,9.8,98.5,2078398.55,MUITO ALTO
MAT-06001,Capacete Aço,EPI,1070.0025302414233,9.99,107.1,2058684.8681844985,MUITO ALTO
MAT-00198,Porca M12 Alumínio,Fixação,1034.13,9.8,105.5,2040338.4900000002,MUITO ALTO
MAT-00899,Válvula Cobre,Hidráulico,1262.95,9.89,127.7,2030823.6,MUITO ALTO
MAT-02796,luva G Plástico,EPI,1305.35,9.99,130.7,2025903.2,MUITO ALTO
MAT-00216,Mangueira PVC,Hidráulico,1277.08,9.89,129.1,2024171.7999999998,MUITO ALTO
MAT-06001,BUCHA LATÃO,Mecânico,503.0311874271589,20.94,24.0,2010112.624958927,MUITO ALTO
MAT-02019,Resistor Latão,Eletrônico,501.67,9.91,50.6,2006178.33,MUITO ALTO
MAT-01316,Vassoura Alumínio,Limpeza,1327.64,9.43,140.8,1998098.2000000002,MUITO ALTO
MAT-01401,Tomada Cobre,Elétrico,712.1,37.12,19.2,1994592.1,MUITO ALTO
MAT-00826,Abraçadeira Latão,Acessórios,1057.03,13.7,77.2,1985102.3399999999,MUITO ALTO
MAT-02899,Caixa Latão,Embalagem,1613.84,8.86,182.3,1978567.8399999999,MUITO ALTO
MAT-00577,Ácido Aço,Químico,546.7,11.23,48.7,1971400.2000000002,MUITO ALTO
MAT-00339,Vedação Aço,Peças,877.98,9.5,92.4,1965797.22,MUITO ALTO
MAT-00535,Bucha Latão,Mecânico,491.08,20.94,23.5,1962355.68,MUITO ALTO
MAT-06001,Abraçadeira Latão,Acessórios,1041.4973406755933,13.7,76.0,1955932.0057887642,MUITO ALTO
MAT-00003,Catalisador Aço,Químico,657.04,11.23,58.5,1946152.48,MUITO ALTO
MAT-00201,Solvente Inox,Químico,1260.62,11.23,112.3,1936312.3199999998,MUITO ALTO
MAT-02393,Bota PVC,EPI,998.05,9.99,99.9,1922244.2999999998,MUITO ALTO
MAT-02311,Bucha Aço,Mecânico,1941.17,20.94,92.7,1906228.9400000002,MUITO ALTO
MAT-00549,Máscara Plástico,EPI,1394.74,9.99,139.6,1903820.1,MUITO ALTO
MAT-02729,Válvula Inox,Hidráulico,906.49,9.89,91.7,1902722.51,MUITO ALTO
MAT-01170,Bota PVC,EPI,1042.8,9.99,104.4,1870783.2,MUITO ALTO
MAT-00877,Filtro Plástico,Pneumático,770.74,16.77,46.0,1856712.66,MUITO ALTO
MAT-00494,Válvula Alumínio,Pneumático,894.6,16.77,53.3,1850032.8,MUITO ALTO
MAT-02603,Fluido Latão,Lubrificante,614.95,23.32,26.4,1845464.9500000002,MUITO ALTO
MAT-00325,Retentor Plástico,Peças,913.41,9.5,96.1,1845088.2,MUITO ALTO
MAT-06001,Luva XG Latão,EPI,397.51318009485567,9.99,39.8,1844858.6688202252,MUITO ALTO
MAT-00862,Junta Cobre,Peças,799.89,9.5,84.2,1833347.88,MUITO ALTO
MAT-00495,Tomada Cobre,Elétrico,1175.73,37.12,31.7,1831787.34,MUITO ALTO
MAT-00324,Cilindro Latão,Pneumático,752.79,16.77,44.9,1819493.43,MUITO ALTO
MAT-06001,Tomada Cobre,Elétrico,1163.742933869736,37.12,31.4,1813111.4909690486,MUITO ALTO
MAT-06001,FILTRO PLÁSTICO,Pneumático,748.9908949082749,16.77,44.7,1804319.0658340342,MUITO ALTO
MAT-02576,Cabo 6mm² Aço,Elétrico,513.42,37.12,13.8,1793376.0599999998,MUITO ALTO
MAT-02713,Porca M6 PVC,Fixação,868.46,9.8,88.6,1789027.6,MUITO ALTO
MAT-06001,Bota PVC,EPI,995.9494064613452,9.99,99.7,1786733.2351916532,MUITO ALTO
MAT-01724,Grampeador Plástico,Escritório,619.01,8.55,72.4,1786462.8599999999,MUITO ALTO
MAT-00177,Luva XG Latão,EPI,384.32,9.99,38.5,1783629.1199999999,MUITO ALTO
MAT-02864,Capacitor Inox,Eletrônico,1790.44,9.91,180.7,1770745.1600000001,MUITO ALTO
MAT-06001,Luva M Latão,EPI,1225.2169460640027,9.99,122.6,1766762.836224292,MUITO ALTO
MAT-01986,Luva M Latão,EPI,1220.61,9.99,122.2,1760119.6199999999,MUITO ALTO
MAT-02227,Correia Plástico,Mecânico,681.84,20.94,32.6,1759829.04,MUITO ALTO
MAT-01476,Martelo Inox,Ferramentas,1290.58,26.1,49.4,1759060.5399999998,MUITO ALTO
MAT-00727,Cabo 4mm² Aço,Elétrico,1129.8,37.12,30.4,1752319.7999999998,MUITO ALTO
MAT-02768,Rolamento Plástico,Mecânico,593.53,20.94,28.4,1750319.97,MUITO ALTO
MAT-02075,Vedação Cobre,Peças,819.87,9.5,86.3,1747962.84,MUITO ALTO
MAT-01796,Disjuntor Latão,Elétrico,821.94,37.12,22.1,1711279.08,MUITO ALTO
MAT-00991,Disjuntor Inox,Elétrico,1775.92,37.12,47.8,1708435.04,MUITO ALTO
MAT-01008,LED Inox,Eletrônico,406.63,9.91,41.0,1693207.32,MUITO ALTO
MAT-00079,Válvula PVC,Pneumático,931.2,16.77,55.5,1692921.6,MUITO ALTO
MAT-01844,Vedação Inox,Peças,1333.87,9.5,140.4,1691347.16,MUITO ALTO
MAT-00986,Rolamento Inox,Peças,1576.01,9.5,165.9,1686330.7,MUITO ALTO
MAT-01580,Vassoura PVC,Limpeza,457.9,9.43,48.6,1684614.0999999999,MUITO ALTO
MAT-06001,Correia Plástico,Mecânico,650.705026097897,20.94,31.1,1679469.6723586721,MUITO ALTO
MAT-00846,Fluido Aço,Lubrificante,343.02,23.32,14.7,1678053.8399999999,MUITO ALTO
MAT-00157,Fluido Latão,Lubrificante,879.07,23.32,37.7,1677265.56,MUITO ALTO
MAT-06001,Papel PVC,Escritório,541.0643227583338,8.55,63.2,1675676.2075825597,MUITO ALTO
MAT-00616,Capacitor Aço,Eletrônico,800.85,9.91,80.8,1664166.3,MUITO ALTO
MAT-01200,Pasta Latão,Escritório,1031.36,8.55,120.6,1659458.2399999998,MUITO ALTO
MAT-01792,serra Plástico,Ferramentas,1921.81,26.1,73.6,1654678.41,MUITO ALTO
MAT-01977,Parafuso M12 PVC,Fixação,1600.4,9.8,163.3,1648412.0,MUITO ALTO
MAT-01994,Sensor Plástico,Eletrônico,359.53,9.91,36.3,1645209.2799999998,MUITO ALTO
MAT-00087,Prego Cobre,Fixação,548.39,9.8,56.0,1645170.0,MUITO ALTO
MAT-01300,Papel PVC,Escritório,522.72,8.55,61.1,1618863.84,MUITO ALTO
MAT-02685,Eixo Inox,Mecânico,1579.62,20.94,75.5,1612792.0199999998,MUITO ALTO
MAT-01371,Desinfetante Aço,Limpeza,554.1,9.43,58.8,1600240.8,MUITO ALTO
MAT-00081,Retentor Cobre,Peças,647.39,9.5,68.1,1597111.13,MUITO ALTO
MAT-02981,Bota Cobre,EPI,609.38,9.99,61.0,1567325.36,MUITO ALTO
MAT-01463,LED Alumínio,Eletrônico,719.67,9.91,72.6,1552328.19,MUITO ALTO
MAT-06001,GANCHO LATÃO,Acessórios,462.6426302282458,13.7,33.8,1531809.748685722,MUITO ALTO
MAT-02207,Rolamento PVC,Peças,668.1,9.5,70.3,1526608.5,MUITO ALTO
MAT-01296,Disjuntor Aço,Elétrico,551.19,37.12,14.8,1514670.12,MUITO ALTO
MAT-00883,Máscara Cobre,EPI,785.87,9.99,78.7,1512799.75,MUITO ALTO
MAT-02186,Mangueira Inox,Hidráulico,1287.55,9.89,130.2,1506433.5,MUITO ALTO
MAT-02366,Abraçadeira Aço,Acessórios,670.89,13.7,49.0,1496755.59,MUITO ALTO
MAT-02632,Cilindro Latão,Pneumático,355.8,16.77,21.2,1491157.8,MUITO ALTO
MAT-00527,"Tubo 1.1/4"" PVC",Hidráulico,811.82,9.89,82.1,1488877.8800000001,MUITO ALTO
MAT-00104,Alicate Cobre,Ferramentas,1145.67,26.1,43.9,1481351.31,MUITO ALTO
MAT-01541,Conexão Latão,Hidráulico,797.28,9.89,80.6,1478157.1199999999,MUITO ALTO
MAT-01485,Base Inox,Químico,314.86,11.23,28.0,1473544.8,MUITO ALTO
MAT-02011,Grampeador PVC,Escritório,1675.69,8.55,195.9,1452823.23,MUITO ALTO
MAT-00386,Válvula Plástico,Pneumático,389.6,16.77,23.2,1420871.2000000002,MUITO ALTO
MAT-01626,Lâmpada Cobre,Elétrico,373.65,37.12,10.1,1416133.5,MUITO ALTO
MAT-00343,Vedação PVC,Peças,1202.09,9.5,126.5,1414859.93,MUITO ALTO
MAT-00779,Filtro PVC,Pneumático,928.2,16.77,55.3,1413648.6,MUITO ALTO
MAT-00147,Serra Inox,Ferramentas,1421.63,26.1,54.5,1403148.81,MUITO ALTO
MAT-02288,Caneta PVC,Escritório,488.58,8.55,57.1,1398315.96,MUITO ALTO
MAT-02746,Abraçadeira PVC,Acessórios,291.35,13.7,21.3,1386243.3,MUITO ALTO
MAT-01695,Gancho Aço,Acessórios,280.29,13.7,20.5,1361648.82,MUITO ALTO
MAT-00904,Rolamento Inox,Peças,462.44,9.5,48.7,1360036.04,MUITO ALTO
MAT-01848,Máscara Inox,EPI,491.88,9.99,49.2,1342832.4,MUITO ALTO
MAT-00690,Fluido Inox,Lubrificante,272.03,23.32,11.7,1332402.94,MUITO ALTO
MAT-00976,Papelão PVC,Embalagem,300.96,8.86,34.0,1324524.96,MUITO ALTO
MAT-00001,Papel Cobre,Escritório,294.74,8.55,34.5,1316603.58,MUITO ALTO
MAT-02810,Rebite Cobre,Fixação,1004.08,9.8,102.5,1305304.0,MUITO ALTO
MAT-02457,Tomada Latão,Elétrico,708.32,37.12,19.1,1304725.4400000002,MUITO ALTO
MAT-06001,Tomada Latão,Elétrico,706.5330534895018,37.12,19.0,1301433.8845276623,MUITO ALTO
MAT-00314,Alicate Cobre,Ferramentas,829.91,26.1,31.8,1297979.24,MUITO ALTO
MAT-00255,Papelão Alumínio,Embalagem,454.59,8.86,51.3,1294672.3199999998,MUITO ALTO
MAT-01397,Máscara Cobre,EPI,501.39,9.99,50.2,1287068.13,MUITO ALTO
MAT-00504,Chave PVC,Ferramentas,1854.31,26.1,71.0,1286891.14,MUITO ALTO
MAT-00585,LED Inox,Eletrônico,501.81,9.91,50.6,1286640.84,MUITO ALTO
MAT-01729,Rolamento PVC,Peças,255.8,9.5,26.9,1277721.0,MUITO ALTO
MAT-00890,Pasta Alumínio,Lubrificante,443.26,23.32,19.0,1270826.42,MUITO ALTO
MAT-00413,Retentor PVC,Peças,803.91,9.5,84.6,1270177.8,MUITO ALTO
MAT-06001,PASTA ALUMÍNIO,Lubrificante,439.4474368986256,23.32,18.8,1259895.8015883595,MUITO ALTO
MAT-01918,Cilindro Alumínio,Pneumático,956.65,16.77,57.0,1255124.8,MUITO ALTO
MAT-00208,Capacete Inox,EPI,986.03,9.99,98.7,1250286.04,MUITO ALTO
MAT-06001,FITA ALUMÍNIO,Embalagem,508.0736487224248,8.86,57.4,1249861.1758571651,MUITO ALTO
MAT-02707,Vassoura Cobre,Limpeza,1760.22,9.43,186.7,1247995.98,MUITO ALTO
MAT-00140,Chave Latão,Ferramentas,527.2,26.1,20.2,1246300.8,MUITO ALTO
MAT-00262,Spray Alumínio,Lubrificante,974.7,23.32,41.8,1245666.6,MUITO ALTO
MAT-01488,Gancho Latão,Acessórios,1865.0,13.7,136.1,1243955.0,MUITO ALTO
MAT-01158,Pano Cobre,Limpeza,277.51,9.43,29.4,1239359.66,MUITO ALTO
MAT-02737,Mangueira Plástico,Pneumático,282.24,16.77,16.8,1239315.84,MUITO ALTO
MAT-01151,Tomada Inox,Elétrico,418.77,37.12,11.3,1226158.56,MUITO ALTO
MAT-06001,PANO COBRE,Limpeza,271.7759002847904,9.43,28.8,1213751.170671874,MUITO ALTO
MAT-01182,Filtro Alumínio,Pneumático,822.72,16.77,49.1,1210221.12,MUITO ALTO
MAT-00532,Anel Plástico,Peças,1922.51,9.5,202.4,1201568.75,MUITO ALTO
MAT-01773,cabo 10mm² PVC,Elétrico,577.49,37.12,15.6,1197714.26,MUITO ALTO
MAT-00763,Fita Alumínio,Embalagem,484.65,8.86,54.7,1192239.0,MUITO ALTO
MAT-02777,alicate Plástico,Ferramentas,1436.09,26.1,55.0,1177593.8,MUITO ALTO
MAT-02364,Mangueira Alumínio,Pneumático,306.98,16.77,18.3,1169286.82,MUITO ALTO
MAT-00485,Parafuso M12 Alumínio,Fixação,764.47,9.8,78.0,1165816.75,MUITO ALTO
MAT-01486,Fluido Inox,Lubrificante,1694.47,23.32,72.7,1147156.19,MUITO ALTO
MAT-00960,Clipe PVC,Acessórios,269.02,13.7,19.6,1146294.22,MUITO ALTO
MAT-02629,Mangueira Cobre,Pneumático,1192.58,16.77,71.1,1135336.16,MUITO ALTO
MAT-02325,Ácido Inox,Químico,602.5,11.23,53.7,1126675.0,MUITO ALTO
MAT-02072,Conexão Plástico,Pneumático,1598.13,16.77,95.3,1117092.87,MUITO ALTO
MAT-02249,Sensor Cobre,Eletrônico,707.77,9.91,71.4,1115445.52,MUITO ALTO
MAT-00889,Suporte Cobre,Acessórios,1502.76,13.7,109.7,1106031.36,MUITO ALTO
MAT-02992,"Tubo 2"" Aço",Hidráulico,1113.54,9.89,112.6,1097950.44,MUITO ALTO
MAT-00017,Gancho Aço,Acessórios,635.34,13.7,46.4,1095961.5,MUITO ALTO
MAT-01252,Rolamento Cobre,Peças,1227.99,9.5,129.3,1094139.09,MUITO ALTO
MAT-01622,Papelão Inox,Embalagem,245.35,8.86,27.7,1092543.55,MUITO ALTO
MAT-00318,Pano Aço,Limpeza,802.86,9.43,85.1,1084663.86,MUITO ALTO
MAT-01231,Filtro em Plástico,Pneumático,635.98,16.77,37.9,1081166.0,MUITO ALTO
MAT-00624,Interruptor PVC,Elétrico,780.21,37.12,21.0,1040019.93,MUITO ALTO
MAT-02411,Graxa Aço,Lubrificante,233.99,23.32,10.0,1039617.5700000001,MUITO ALTO
MAT-01442,Clips Alumínio,Escritório,467.75,8.55,54.7,1037937.25,MUITO ALTO
MAT-00821,Filtro Latão,Pneumático,1177.6,16.77,70.2,1032755.2,MUITO ALTO
MAT-02628,Balde PVC,Limpeza,275.59,9.43,29.2,1019682.9999999999,MUITO ALTO
MAT-00173,Parafuso M16 PVC,Fixação,424.58,9.8,43.3,1014746.2,MUITO ALTO
MAT-01572,Correia Cobre,Mecânico,958.41,20.94,45.8,1012080.96,MUITO ALTO
MAT-00075,Gancho Cobre,Acessórios,1446.78,13.7,105.6,1004065.32,MUITO ALTO
MAT-00980,clipe Inox,Acessórios,754.08,13.7,55.0,1000664.16,MUITO ALTO
MAT-01718,Válvula Aço,Pneumático,332.72,16.77,19.8,987512.9600000001,MUITO ALTO
MAT-00742,Clips Aço,Escritório,516.1,8.55,60.3,983170.5,MUITO ALTO
MAT-02347,Interruptor Latão,Elétrico,1813.38,37.12,48.9,979225.2000000001,MUITO ALTO
MAT-00503,parafuso M10 Alumínio,Fixação,526.19,9.8,53.7,976608.6400000001,MUITO ALTO
MAT-06001,CLIPS AÇO,Escritório,509.9651524509806,8.55,59.6,971483.6154191181,MUITO ALTO
MAT-06001,VÁLVULA AÇO,Pneumático,324.9120914421315,16.77,19.4,964339.0874002463,MUITO ALTO
MAT-02231,Óculos Inox,EPI,209.98,9.99,21.0,954149.12,MUITO ALTO
MAT-00711,Capacete Alumínio,EPI,223.75,9.99,22.4,949371.25,MUITO ALTO
MAT-00361,Suporte Alumínio,Acessórios,385.9,13.7,28.2,948928.1,MUITO ALTO
MAT-00621,Base Aço,Químico,366.81,11.23,32.7,947837.04,MUITO ALTO
MAT-06001,ÓCULOS INOX,EPI,208.502510283808,9.99,20.9,947435.4067296236,MUITO ALTO
MAT-01686,Clips PVC,Escritório,1984.27,8.55,231.9,946496.79,MUITO ALTO
MAT-00691,Sensor Latão,Eletrônico,526.49,9.91,53.1,943996.5700000001,MUITO ALTO
MAT-01598,Porca Aço M12,Fixação,205.74,9.8,21.0,942494.9400000001,MUITO ALTO
MAT-02606,Graxa Inox,Lubrificante,296.6,23.32,12.7,940518.6000000001,MUITO ALTO
MAT-00215,Mangueira Inox,Pneumático,449.59,16.77,26.8,930651.2999999999,MUITO ALTO
MAT-06001,CANETA ALUMÍNIO,Escritório,237.5017845312369,8.55,27.8,925306.952533699,MUITO ALTO
MAT-01721,Vedação PVC,Peças,955.89,9.5,100.6,920522.07,MUITO ALTO
MAT-00984,Balde Inox,Limpeza,1896.48,9.43,201.1,917896.3200000001,MUITO ALTO
MAT-00350,Caneta Alumínio,Escritório,232.26,8.55,27.1,904884.96,MUITO ALTO
MAT-02264,Presilha Aço,Acessórios,337.95,13.7,24.7,901312.65,MUITO ALTO
MAT-01689,Máscara Inox,EPI,714.4,9.99,71.5,876568.7999999999,MUITO ALTO
MAT-00707,Disjuntor Aço,Elétrico,1603.26,37.12,43.2,872173.44,MUITO ALTO
MAT-00224,Lâmpada Aço,Elétrico,590.69,37.12,15.9,870677.06,MUITO ALTO
MAT-01545,Serra Plástico,Ferramentas,298.68,26.1,11.4,865275.96,MUITO ALTO
MAT-01112,Correia Inox,Mecânico,659.85,20.94,31.5,861764.1,MUITO ALTO
MAT-02709,Porca M10 Aço,Fixação,617.9,9.8,63.1,852084.1,MUITO ALTO
MAT-02663,Filtro PVC,Pneumático,947.53,16.77,56.5,842354.1699999999,MUITO ALTO
MAT-01385,Parafuso M8 Inox,Fixação,689.96,9.8,70.4,841061.24,MUITO ALTO
MAT-02612,Porca M16 Aço,Fixação,450.44,9.8,46.0,827007.84,MUITO ALTO
MAT-01776,Bucha Alumínio,Mecânico,790.9,20.94,37.8,821745.1,MUITO ALTO
MAT-02984,Óleo Alumínio,Lubrificante,1065.8,23.32,45.7,818534.3999999999,MUITO ALTO
MAT-00162,Resistor Alumínio,Eletrônico,222.5,9.91,22.5,808120.0,MUITO ALTO
MAT-06001,Solvente Plástico,Químico,901.7450460247456,11.23,80.3,780009.4648114049,MUITO ALTO
MAT-02526,Módulo em Plástico,Eletrônico,610.97,9.91,61.7,777153.8400000001,MUITO ALTO
MAT-00664,Papel Alumínio,Escritório,1075.65,8.55,125.7,772316.7000000001,MUITO ALTO
MAT-00521,Parafuso M12 Latão,Fixação,231.59,9.8,23.6,768415.62,MUITO ALTO
MAT-01438,Cilindro PVC,Pneumático,259.31,16.77,15.5,756925.89,MUITO ALTO
MAT-00331,Furadeira Inox,Ferramentas,624.29,26.1,23.9,756639.48,MUITO ALTO
MAT-01257,Módulo Inox,Eletrônico,1786.75,9.91,180.3,752221.75,MUITO ALTO
MAT-01652,Solvente Plástico,Químico,860.62,11.23,76.7,744436.3,MUITO ALTO
MAT-01970,Furadeira PVC,Ferramentas,841.86,26.1,32.2,744204.24,MUITO ALTO
MAT-01939,Rebite Cobre,Fixação,150.32,9.8,15.3,732509.36,MUITO ALTO
MAT-01387,Grampeador Plástico,Escritório,345.86,8.55,40.4,728035.3,MUITO ALTO
MAT-02088,Óleo Alumínio,Lubrificante,244.47,23.32,10.5,711652.17,MUITO ALTO
MAT-01319,Porca M12 Cobre,Fixação,150.36,9.8,15.3,708797.04,MUITO ALTO
MAT-00316,Registro Plástico,Hidráulico,1200.76,9.89,121.4,708448.4,MUITO ALTO
MAT-00791,Caixa Alumínio,Embalagem,381.15,8.86,43.0,697885.6499999999,MUITO ALTO
MAT-02453,Capacete PVC,EPI,445.62,9.99,44.6,697395.3,MUITO ALTO
MAT-00121,Rolamento Latão,Peças,386.96,9.5,40.7,693045.36,MUITO ALTO
MAT-00097,Reagente PVC,Químico,1151.12,11.23,102.5,692974.24,MUITO ALTO
MAT-00612,Sensor PVC,Eletrônico,389.6,9.91,39.3,690760.8,MUITO ALTO
MAT-01194,Reagente Alumínio,Químico,330.69,11.23,29.5,690150.03,MUITO ALTO
MAT-02000,Registro em PVC,Hidráulico,246.55,9.89,24.9,680971.1,MUITO ALTO
MAT-02166,Grampeador Inox,Escritório,1188.83,8.55,139.0,671688.95,MUITO ALTO
MAT-02062,Parafuso M16 Cobre,Fixação,289.63,9.8,29.6,668755.67,MUITO ALTO
MAT-01928,Sensor Latão,Eletrônico,389.88,9.91,39.3,656557.92,MUITO ALTO
MAT-01135,Pasta em Alumínio,Lubrificante,1722.76,23.32,73.9,642589.48,MUITO ALTO
MAT-01534,Alicate Alumínio,Ferramentas,296.64,26.1,11.4,638072.64,MUITO ALTO
MAT-00095,Sensor Aço,Eletrônico,196.15,9.91,19.8,617087.9,MUITO ALTO
MAT-02434,Capacete Inox,EPI,289.3,9.99,29.0,607530.0,MUITO ALTO
MAT-01066,Ácido Aço,Químico,573.36,11.23,51.1,599734.56,MUITO ALTO
MAT-01372,Junta Inox,Peças,197.11,9.5,20.7,586796.4700000001,MUITO ALTO
MAT-01641,Reagente Plástico,Químico,554.51,11.23,49.4,583344.52,MUITO ALTO
MAT-00936,"Tubo 1.1/4"" Cobre",Hidráulico,389.1,9.89,39.3,577035.3,MUITO ALTO
MAT-06001,Reagente Aço,Químico,722.5140434091234,11.23,64.4,572231.1223800257,MUITO ALTO
MAT-02306,"Tubo 1.1/4"" Aço",Hidráulico,1950.85,9.89,197.3,569648.2,MUITO ALTO
MAT-01542,Suporte Alumínio,Acessórios,262.01,13.7,19.1,565941.6,MUITO ALTO
MAT-01953,Serra Alumínio,Ferramentas,373.45,26.1,14.3,548971.5,MUITO ALTO
MAT-00417,Reagente Aço,Químico,690.53,11.23,61.5,546899.76,MUITO ALTO
MAT-01789,Vedação Aço,Peças,123.46,9.5,13.0,544088.22,MUITO ALTO
MAT-00231,Presilha Aço,Acessórios,171.74,13.7,12.5,540637.52,MUITO ALTO
MAT-00559,Cabo 16mm² Plástico,Elétrico,613.33,37.12,16.5,537277.0800000001,MUITO ALTO
MAT-00645,Anel Plástico,Peças,161.41,9.5,17.0,537172.48,MUITO ALTO
MAT-01525,Válvula Aço,Pneumático,879.98,16.77,52.5,535907.8200000001,MUITO ALTO
MAT-01085,Pasta Plástico,Lubrificante,256.19,23.32,11.0,534924.72,MUITO ALTO
MAT-06001,Mangueira Aço,Pneumático,292.3267439039715,16.77,17.4,533203.9808808439,MUITO ALTO
MAT-00146,Gancho Inox,Acessórios,784.83,13.7,57.3,529760.25,MUITO ALTO
MAT-06001,Serra Alumínio,Ferramentas,357.75904981639883,26.1,13.7,525905.8032301062,MUITO ALTO
MAT-02280,Mangueira Aço,Pneumático,286.66,16.77,17.1,522867.84,MUITO ALTO
MAT-00127,Alicate Latão,Ferramentas,393.02,26.1,15.1,496384.25999999995,MUITO ALTO
MAT-01136,Pasta Inox,Lubrificante,975.32,23.32,41.8,487660.0,MUITO ALTO
MAT-00623,Martelo PVC,Ferramentas,319.07,26.1,12.2,487219.89,MUITO ALTO
MAT-02209,Cilindro Plástico,Pneumático,1341.42,16.77,80.0,484252.62000000005,MUITO ALTO
MAT-06001,Rolamento Plástico,Peças,98.07624769312336,9.5,10.3,471648.6751562303,MUITO ALTO
MAT-01992,Máscara Plástico,EPI,289.85,9.99,29.0,466658.50000000006,MUITO ALTO
MAT-06001,Porca M8 Cobre,Fixação,594.5261787343745,9.8,60.7,465513.99794901523,MUITO ALTO
MAT-01490,Rolamento Plástico,Peças,95.88,9.5,10.1,461086.92,MUITO ALTO
MAT-01246,Furadeira Inox,Ferramentas,1793.85,26.1,68.7,457431.75,MUITO ALTO
MAT-02966,Porca M8 Cobre,Fixação,583.71,9.8,59.6,457044.93000000005,MUITO ALTO
MAT-02518,Parafuso M12 Aço,Fixação,256.05,9.8,26.1,454488.75,MUITO ALTO
MAT-00205,suporte Alumínio,Acessórios,207.55,13.7,15.1,453911.85000000003,MUITO ALTO
MAT-01930,Válvula Cobre,Hidráulico,1812.17,9.89,183.2,443981.65,MUITO ALTO
MAT-00167,Capacitor Latão,Eletrônico,380.65,9.91,38.4,441554.0,MUITO ALTO
MAT-01124,Balde Latão,Limpeza,1634.42,9.43,173.3,433121.30000000005,MUITO ALTO
MAT-02161,Fita Aço,Embalagem,95.17,8.86,10.7,431786.29,MUITO ALTO
MAT-02659,Vassoura PVC,Limpeza,130.83,9.43,13.9,428337.42000000004,MUITO ALTO
MAT-02859,Óculos em Aço,EPI,883.87,9.99,88.5,423373.73,MUITO ALTO
MAT-01772,Retentor Plástico,Peças,769.87,9.5,81.0,422658.63,MUITO ALTO
MAT-01968,cilindro Alumínio,Pneumático,344.45,16.77,20.5,409895.5,MUITO ALTO
MAT-01499,Caixa Latão,Embalagem,89.72,8.86,10.1,408405.44,MUITO ALTO
MAT-02551,Interruptor PVC,Elétrico,1820.4,37.12,49.0,405949.2,MUITO ALTO
MAT-02214,Pasta Latão,Escritório,510.74,8.55,59.7,401441.64,MUITO ALTO
MAT-06001,PASTA LATÃO,Escritório,509.0415342308,8.55,59.5,400106.6459054088,MUITO ALTO
MAT-00406,Bucha PVC,Mecânico,288.73,20.94,13.8,397581.21,MUITO ALTO
MAT-02867,Caixa Inox,Embalagem,137.8,8.86,15.6,393143.4,MUITO ALTO
MAT-00849,Alicate Aço,Ferramentas,1118.6,26.1,42.9,392628.6,MUITO ALTO
MAT-00311,Rolamento PVC,Mecânico,231.86,20.94,11.1,380945.98000000004,MUITO ALTO
MAT-02255,Grampeador Alumínio,Escritório,86.38,8.55,10.1,374111.77999999997,MUITO ALTO
MAT-06001,Rolamento PVC,Mecânico,227.5024696883654,20.94,10.9,373786.5576979844,MUITO ALTO
MAT-02245,Eixo Cobre,Mecânico,1249.25,20.94,59.7,371027.25,MUITO ALTO
MAT-00970,Spray Latão,Lubrificante,893.59,23.32,38.3,370839.85000000003,MUITO ALTO
MAT-01890,Pano Aço,Limpeza,349.81,9.43,37.1,367300.5,MUITO ALTO
MAT-01052,Caixa Alumínio,Embalagem,90.61,8.86,10.2,365883.18,MUITO ALTO
MAT-00100,Catalisador Plástico,Químico,1393.38,11.23,124.1,359492.04000000004,MUITO ALTO
MAT-02388,"Cabo 2,5mm² Alumínio",Elétrico,1766.26,37.12,47.6,358550.77999999997,MUITO ALTO
MAT-02254,Desinfetante Aço,Limpeza,344.49,9.43,36.5,357236.13,MUITO ALTO
MAT-02304,Correia Inox,Mecânico,1358.76,20.94,64.9,355995.12,MUITO ALTO
MAT-00212,Caneta Aço,Escritório,239.17,8.55,28.0,348709.86,MUITO ALTO
MAT-00349,Bota Aço,EPI,309.6,9.99,31.0,344584.80000000005,MUITO ALTO
MAT-00357,Suporte Latão,Acessórios,1122.99,13.7,82.0,343634.94,MUITO ALTO
MAT-01508,Desinfetante Aço,Limpeza,348.32,9.43,36.9,339960.32,MUITO ALTO
MAT-02599,Papel Alumínio,Escritório,91.89,8.55,10.7,339717.33,MUITO ALTO
MAT-00749,Filtro Plástico,Pneumático,1388.24,16.77,82.8,338730.56,MUITO ALTO
MAT-01185,Porca M10 Plástico,Fixação,1295.3,9.8,132.2,332892.1,MUITO ALTO
MAT-02206,Filtro Latão,Pneumático,1932.57,16.77,115.2,332402.04,MUITO ALTO
MAT-00488,Fluido Cobre,Lubrificante,1919.59,23.32,82.3,332089.07,MUITO ALTO
MAT-00634,Módulo Cobre,Eletrônico,279.69,9.91,28.2,331152.96,MUITO ALTO
MAT-00066,capacitor Latão,Eletrônico,1303.03,9.91,131.5,327060.52999999997,MUITO ALTO
MAT-01609,Pasta Cobre,Escritório,88.04,8.55,10.3,325483.88,MUITO ALTO
MAT-01425,Papelão Plástico,Embalagem,1757.03,8.86,198.4,323293.52,MUITO ALTO
MAT-02315,Catalisador PVC,Químico,1588.32,11.23,141.5,322428.95999999996,MUITO ALTO
MAT-01691,Junta Alumínio,Peças,669.34,9.5,70.5,321283.2,MUITO ALTO
MAT-00965,Etiqueta Latão,Embalagem,92.66,8.86,10.5,319306.36,MUITO ALTO
MAT-06001,Pano Plástico,Limpeza,265.41804281239445,9.43,28.1,315316.6348611246,MUITO ALTO
MAT-01362,Parafuso M8 Cobre,Fixação,1063.63,9.8,108.5,313770.85000000003,MUITO ALTO
MAT-01051,Fita Plástico,Embalagem,241.33,8.86,27.3,306489.10000000003,MUITO ALTO
MAT-02192,Pano Plástico,Limpeza,256.01,9.43,27.1,304139.88,MUITO ALTO
MAT-02374,Base Cobre,Químico,774.35,11.23,69.0,302770.85000000003,MUITO ALTO
MAT-02747,Rolamento Alumínio,Peças,99.7,9.5,10.5,302091.0,MUITO ALTO
MAT-01420,Caneta PVC,Escritório,1695.81,8.55,198.2,301854.18,MUITO ALTO
MAT-00461,Papel Cobre,Escritório,784.39,8.55,91.7,293361.86,MUITO ALTO
MAT-06001,Papel Cobre,Escritório,774.9687025575023,8.55,90.6,289838.2947565059,MUITO ALTO
MAT-01109,Capacitor Latão,Eletrônico,134.53,9.91,13.6,286279.84,MUITO ALTO
MAT-06001,Fita Aço,Embalagem,101.58395344471626,8.86,11.5,280778.0473211957,MUITO ALTO
MAT-00722,Fita Aço,Embalagem,99.65,8.86,11.3,275432.60000000003,MUITO ALTO
MAT-02036,Arruela Plástico,Fixação,329.74,9.8,33.6,268738.10000000003,MUITO ALTO
MAT-00525,Grampeador Plástico,Escritório,97.67,8.55,11.4,268690.17,MUITO ALTO
MAT-02996,Vedação Latão,Peças,767.02,9.5,80.7,265388.92,MUITO ALTO
MAT-02862,Conexão Cobre,Hidráulico,455.9,9.89,46.1,264877.89999999997,MUITO ALTO
MAT-00473,Chave Cobre,Ferramentas,1644.45,26.1,63.0,264756.45,MUITO ALTO
MAT-00040,Desinfetante Cobre,Limpeza,430.25,9.43,45.6,264173.5,MUITO ALTO
MAT-01690,Mangueira PVC,Pneumático,312.99,16.77,18.7,261659.64,MUITO ALTO
MAT-06001,Reagente Plástico,Químico,692.4204379970113,11.23,61.7,249271.35767892405,MUITO ALTO
MAT-00290,Reagente Plástico,Químico,690.86,11.23,61.5,248709.6,MUITO ALTO
MAT-01470,Fita Alumínio,Embalagem,974.22,8.86,110.0,248426.1,MUITO ALTO
MAT-02656,Porca Latão M8,Fixação,1399.61,9.8,142.8,229536.03999999998,MUITO ALTO
MAT-01080,Óleo Latão,Lubrificante,1379.34,23.32,59.2,224832.41999999998,MUITO ALTO
MAT-01764,Papel em Aço,Escritório,248.73,8.55,29.1,219877.31999999998,MUITO ALTO
MAT-00968,Pasta Cobre,Escritório,258.34,8.55,30.2,211838.8,MUITO ALTO
MAT-01717,Base Latão,Químico,1656.17,11.23,147.5,205365.08000000002,MUITO ALTO
MAT-00408,Rebite Alumínio,Fixação,1303.73,9.8,133.0,198166.96,MUITO ALTO
MAT-00409,Retentor Inox,Peças,98.68,9.5,10.4,198149.44,MUITO ALTO
MAT-00275,Junta Plástico,Peças,1552.62,9.5,163.4,189419.63999999998,MUITO ALTO
MAT-02100,Lâmpada Inox,Elétrico,961.53,37.12,25.9,188459.88,MUITO ALTO
MAT-01919,Ácido Alumínio,Químico,833.93,11.23,74.3,180962.81,MUITO ALTO
MAT-01969,Solvente Alumínio,Químico,407.87,11.23,36.3,170081.79,MUITO ALTO
MAT-06001,BOTA COBRE,EPI,290.189015870434,9.99,29.0,166858.68412549954,MUITO ALTO
MAT-02236,Bota Cobre,EPI,289.92,9.99,29.0,166704.0,MUITO ALTO
MAT-02156,Anel em Latão,Peças,580.0,9.5,61.1,164720.0,MUITO ALTO
MAT-06001,Detergente Aço,Limpeza,96.9027272344875,9.43,10.3,160664.72175478027,MUITO ALTO
MAT-02693,Pasta PVC,Lubrificante,1377.73,23.32,59.1,157061.22,MUITO ALTO
MAT-01790,Presilha Latão,Acessórios,928.61,13.7,67.8,151363.43,MUITO ALTO
MAT-02655,Fita Inox,Embalagem,116.04,8.86,13.1,139596.12,MUITO ALTO
MAT-00421,Pasta PVC,Escritório,361.58,8.55,42.3,130530.37999999999,MUITO ALTO
MAT-02680,LED Aço,Eletrônico,140.53,9.91,14.2,129709.19,MUITO ALTO
MAT-01335,Papelão PVC,Embalagem,1286.48,8.86,145.3,126075.04000000001,MUITO ALTO
MAT-01016,Registro Cobre,Hidráulico,336.91,9.89,34.1,126004.34000000001,MUITO ALTO
MAT-02009,Parafuso M12 Plástico,Fixação,98.63,9.8,10.1,116087.51,MUITO ALTO
MAT-00056,Plástico Alumínio,Embalagem,544.26,8.86,61.5,111573.3,MUITO ALTO
MAT-01574,"Tubo 1"" PVC",Hidráulico,135.83,9.89,13.7,110701.45000000001,MUITO ALTO
MAT-06001,ROLAMENTO INOX,Peças,393.2523639810966,9.5,41.4,107751.14773082048,MUITO ALTO
MAT-02248,Rolamento Inox,Peças,378.96,9.5,39.9,103835.04,MUITO ALTO
MAT-02442,Anel Inox,Peças,578.91,9.5,60.9,85678.68,MUITO ALTO
MAT-01520,Capacitor Inox,Eletrônico,520.5,9.91,52.5,83800.5,MUITO ALTO
MAT-02201,Registro Plástico,Hidráulico,1782.72,9.89,180.3,82005.12,MUITO ALTO
MAT-00789,Eixo Alumínio,Mecânico,225.83,20.94,10.8,69103.98000000001,MUITO ALTO
MAT-00951,Filtro PVC,Pneumático,477.26,16.77,28.5,65861.88,MUITO ALTO
MAT-01046,Martelo Cobre,Ferramentas,467.29,26.1,17.9,65420.600000000006,MUITO ALTO
MAT-00385,Reagente Latão,Químico,462.52,11.23,41.2,60127.6,MUITO ALTO
MAT-00669,Registro PVC,Hidráulico,968.21,9.89,97.9,57124.39,MUITO ALTO
MAT-02229,Retentor Alumínio,Peças,1182.99,9.5,124.5,39038.67,MUITO ALTO
MAT-02286,Mangueira PVC,Pneumático,1092.92,16.77,65.2,37159.28,MUITO ALTO
MAT-06001,MANGUEIRA PVC,Pneumático,1073.4390091609298,16.77,64.0,36496.926311471616,MUITO ALTO
MAT-02855,arruela Latão,Fixação,536.87,9.8,54.8,34359.68,MUITO ALTO
MAT-02465,Grampeador Inox,Escritório,86.44,8.55,10.1,25499.8,MUITO ALTO
MAT-02048,Bota Latão,EPI,126.99,9.99,12.7,18794.52,MUITO ALTO
MAT-00961,Parafuso M10 Aço,Fixação,1191.29,9.8,121.6,9530.32,MUITO ALTO
MAT-00168,Interruptor Latão,Elétrico,1.82,37.12,0.0,8377.460000000001,MUITO BAIXO
MAT-01000,Tomada Latão,Elétrico,1.84,37.12,0.0,7617.6,MUITO BAIXO
MAT-01607,Rolamento PVC,Mecânico,1674.49,20.94,80.0,6697.96,MUITO ALTO
MAT-01566,Tomada Alumínio,Elétrico,1.83,37.12,0.0,4789.110000000001,MUITO BAIXO
MAT-01694,Chave Inox,Ferramentas,1.04,26.1,0.0,4616.56,MUITO BAIXO
MAT-02373,Balde Plástico,Limpeza,552.96,9.43,58.6,4423.68,MUITO ALTO
MAT-01180,Fluido Inox,Lubrificante,0.89,23.32,0.0,4130.49,MUITO BAIXO
MAT-01733,Interruptor em Aço,Elétrico,1.05,37.12,0.0,4012.05,MUITO BAIXO
MAT-00076,Tomada Latão,Elétrico,1.63,37.12,0.0,3949.49,MUITO BAIXO
MAT-02114,Martelo Cobre,Ferramentas,1.03,26.1,0.0,3579.25,MUITO BAIXO
MAT-01806,Disjuntor Alumínio,Elétrico,0.93,37.12,0.0,3387.9900000000002,MUITO BAIXO
MAT-00782,Ácido Cobre,Químico,817.11,11.23,72.8,3268.44,MUITO ALTO
MAT-01145,Martelo Cobre,Ferramentas,0.7,26.1,0.0,3132.5,MUITO BAIXO
MAT-01234,Abraçadeira Plástico,Acessórios,0.67,13.7,0.0,3000.26,MUITO BAIXO
MAT-06001,BUCHA ALUMÍNIO,Mecânico,1.0173560050344208,20.94,0.0,2943.2109225645795,MUITO BAIXO
MAT-02811,Martelo PVC,Ferramentas,1.27,26.1,0.0,2942.59,MUITO BAIXO
MAT-06001,MARTELO PVC,Ferramentas,1.249917430450609,26.1,0.0,2896.058686354061,MUITO BAIXO
MAT-00913,Alicate Cobre,Ferramentas,0.6,26.1,0.0,2892.6,MUITO BAIXO
MAT-00636,Filtro Alumínio,Pneumático,0.58,16.77,0.0,2723.68,MUITO BAIXO
MAT-01810,Lâmpada Inox,Elétrico,1.12,37.12,0.0,2597.28,MUITO BAIXO
MAT-06001,Lâmpada Inox,Elétrico,1.094053406201049,37.12,0.0,2537.1098489802325,MUITO BAIXO
MAT-01203,Martelo Cobre,Ferramentas,0.88,26.1,0.0,2534.4,MUITO BAIXO
MAT-01662,Chave Latão,Ferramentas,0.99,26.1,0.0,2338.38,MUITO BAIXO
MAT-01305,Alicate Latão,Ferramentas,1.05,26.1,0.0,2258.55,MUITO BAIXO
MAT-02466,LED Aço,Eletrônico,0.44,9.91,0.0,2197.36,MUITO BAIXO
MAT-00170,Válvula em Cobre,Pneumático,0.58,16.77,0.0,2081.62,MUITO BAIXO
MAT-00209,Cabo 16mm² Latão,Elétrico,1.01,37.12,0.0,1830.1200000000001,MUITO BAIXO
MAT-02164,Vedação Alumínio,Peças,0.37,9.5,0.0,1683.1299999999999,MUITO BAIXO
MAT-00077,Disjuntor Latão,Elétrico,0.53,37.12,0.0,1581.52,MUITO BAIXO
MAT-00387,Furadeira Plástico,Ferramentas,0.47,26.1,0.0,1538.78,MUITO BAIXO
MAT-01291,Chave PVC,Ferramentas,0.57,26.1,0.0,1454.6399999999999,MUITO BAIXO
MAT-02093,Bucha PVC,Mecânico,0.76,20.94,0.0,1394.6,MUITO BAIXO
MAT-01974,Cabo 6mm² Alumínio,Elétrico,1.03,37.12,0.0,1380.2,MUITO BAIXO
MAT-02894,Cabo 16mm² Alumínio,Elétrico,0.66,37.12,0.0,1333.2,MUITO BAIXO
MAT-01395,Lâmpada Inox,Elétrico,0.3,37.12,0.0,1318.2,MUITO BAIXO
MAT-02323,Base Aço,Químico,0.45,11.23,0.0,1304.55,MUITO BAIXO
MAT-02911,Plástico Plástico,Embalagem,0.37,8.86,0.0,1296.85,MUITO BAIXO
MAT-00238,bucha Inox,Mecânico,0.42,20.94,0.0,1194.48,MUITO BAIXO
MAT-00312,Chave Aço,Ferramentas,0.29,26.1,0.0,1182.33,MUITO BAIXO
MAT-01248,Retentor PVC,Peças,0.33,9.5,0.0,1136.19,MUITO BAIXO
MAT-02528,Luva Aço P,EPI,0.33,9.99,0.0,1134.54,MUITO BAIXO
MAT-00977,Catalisador Aço,Químico,0.56,11.23,0.0,1120.5600000000002,MUITO BAIXO
MAT-06001,LUVA AÇO P,EPI,0.3192118671162107,9.99,0.0,1097.4503991455324,MUITO BAIXO
MAT-00694,Cilindro Plástico,Pneumático,0.74,16.77,0.0,1038.22,MUITO BAIXO
MAT-02752,Presilha Plástico,Acessórios,0.55,13.7,0.0,1029.6000000000001,MUITO BAIXO
MAT-02964,Capacitor Plástico,Eletrônico,0.24,9.91,0.0,1027.92,MUITO BAIXO
MAT-02217,Tomada PVC,Elétrico,0.28,37.12,0.0,1007.1600000000001,MUITO BAIXO
MAT-01635,LED Alumínio,Eletrônico,0.35,9.91,0.0,982.0999999999999,MUITO BAIXO
MAT-02097,Desinfetante Alumínio,Limpeza,0.27,9.43,0.0,976.32,MUITO BAIXO
MAT-00975,Clips Latão,Escritório,0.3,8.55,0.0,964.8,MUITO BAIXO
MAT-06001,Tomada PVC,Elétrico,0.2668349735998491,37.12,0.0,959.8054000386571,MUITO BAIXO
MAT-02759,Capacitor Plástico,Eletrônico,0.3,9.91,0.0,883.1999999999999,MUITO BAIXO
MAT-01654,Correia Plástico,Mecânico,0.32,20.94,0.0,872.32,MUITO BAIXO
MAT-01341,Chave Latão,Ferramentas,0.18,26.1,0.0,831.9599999999999,MUITO BAIXO
MAT-00307,Eixo Plástico,Mecânico,0.22,20.94,0.0,808.72,MUITO BAIXO
MAT-02978,Spray Inox,Lubrificante,0.56,23.32,0.0,790.72,MUITO BAIXO
MAT-01275,Interruptor Latão,Elétrico,0.29,37.12,0.0,775.4599999999999,MUITO BAIXO
MAT-02253,Disjuntor Cobre,Elétrico,0.2,37.12,0.0,738.2,MUITO BAIXO
MAT-01232,Chave Inox,Ferramentas,0.84,26.1,0.0,717.36,MUITO BAIXO
MAT-00780,Correia Aço,Mecânico,0.86,20.94,0.0,714.66,MUITO BAIXO
MAT-01827,Vedação Latão,Peças,0.36,9.5,0.0,692.64,MUITO BAIXO
MAT-00439,Abraçadeira Cobre,Acessórios,0.53,13.7,0.0,685.2900000000001,MUITO BAIXO
MAT-01368,LED PVC,Eletrônico,0.42,9.91,0.0,601.4399999999999,MUITO BAIXO
MAT-00594,Clipe Latão,Acessórios,0.36,13.7,0.0,599.04,MUITO BAIXO
MAT-01741,Serra Inox,Ferramentas,0.79,26.1,0.0,574.33,MUITO BAIXO
MAT-01565,Suporte Inox,Acessórios,0.26,13.7,0.0,567.32,MUITO BAIXO
MAT-02028,Reagente PVC,Químico,0.41,11.23,0.0,542.43,MUITO BAIXO
MAT-02488,Cilindro Cobre,Pneumático,0.28,16.77,0.0,533.4000000000001,MUITO BAIXO
MAT-01820,Graxa Aço,Lubrificante,0.8,23.32,0.0,528.0,MUITO BAIXO
MAT-00313,Papelão Latão,Embalagem,0.13,8.86,0.0,513.37,MUITO BAIXO
MAT-02898,Plástico Inox,Embalagem,0.11,8.86,0.0,510.62,MUITO BAIXO
MAT-00814,Martelo Inox,Ferramentas,0.27,26.1,0.0,483.03000000000003,MUITO BAIXO
MAT-02749,abraçadeira Alumínio,Acessórios,0.63,13.7,0.0,477.54,MUITO BAIXO
MAT-00442,Filtro Cobre,Pneumático,0.21,16.77,0.0,469.97999999999996,MUITO BAIXO
MAT-02662,Pasta Plástico,Lubrificante,0.49,23.32,0.0,441.0,MUITO BAIXO
MAT-06001,PASTA PLÁSTICO,Lubrificante,0.4820071774516842,23.32,0.0,433.8064597065158,MUITO BAIXO
MAT-00500,Anel Alumínio,Peças,0.31,9.5,0.0,413.54,MUITO BAIXO
MAT-02564,"Tubo 3/4"" Aço",Hidráulico,0.23,9.89,0.0,379.96000000000004,MUITO BAIXO
MAT-02199,Martelo PVC,Ferramentas,0.4,26.1,0.0,372.8,MUITO BAIXO
MAT-00345,Clipe Latão,Acessórios,0.38,13.7,0.0,368.98,MUITO BAIXO
MAT-02997,Capacete PVC,EPI,0.26,9.99,0.0,343.46000000000004,MUITO BAIXO
MAT-02020,Reagente Aço,Químico,0.2,11.23,0.0,328.20000000000005,MUITO BAIXO
MAT-01253,Lâmpada Alumínio,Elétrico,1.42,37.12,0.0,308.14,MUITO BAIXO
MAT-06001,Mangueira Cobre,Pneumático,0.1348788353892608,16.77,0.0,279.6038257619376,MUITO BAIXO
MAT-00280,Mangueira Cobre,Pneumático,0.13,16.77,0.0,269.49,MUITO BAIXO
MAT-01358,Anel Inox,Peças,0.11,9.5,0.0,262.57,MUITO BAIXO
MAT-02826,Capacete Inox,EPI,0.13,9.99,0.0,255.97,MUITO BAIXO
MAT-02221,Gancho PVC,Acessórios,0.1,13.7,0.0,231.60000000000002,MUITO BAIXO
MAT-02043,Resistor em Plástico,Eletrônico,0.18,9.91,0.0,230.57999999999998,MUITO BAIXO
MAT-00817,Filtro Aço,Pneumático,0.24,16.77,0.0,210.23999999999998,MUITO BAIXO
MAT-00682,Martelo Inox,Ferramentas,0.21,26.1,0.0,201.6,MUITO BAIXO
MAT-02480,Luva P Aço,EPI,0.15,9.99,0.0,187.04999999999998,MUITO BAIXO
MAT-00777,Eixo Aço,Mecânico,0.74,20.94,0.0,132.46,MUITO BAIXO
MAT-02835,Fita Aço,Embalagem,0.13,8.86,0.0,80.86,MUITO BAIXO
MAT-06001,ARRUELA EM PLÁSTICO,Fixação,0.2331635981416376,9.8,0.0,48.73119201160225,MUITO BAIXO
MAT-01987,Arruela em Plástico,Fixação,0.23,9.8,0.0,48.07,MUITO BAIXO
MAT-01685,Vassoura Cobre,Limpeza,0.43,9.43,0.0,36.55,MUITO BAIXO
